{
  "model_family": "xgboost_regressor",
  "rows_train": 364019,
  "rows_test": 91836,
  "metrics": {
    "mae": 242.61731276074792,
    "median_ae": 167.95411437988278,
    "rmse": 334.5144171990638,
    "mean_prediction": 1076.978759765625
  }
}