{
  "model_family": "xgboost_regressor",
  "rows_train": 366665,
  "rows_test": 91928,
  "metrics": {
    "mae": 254.70044026799155,
    "median_ae": 173.06609619140636,
    "rmse": 353.68215349628065,
    "mean_prediction": 1077.4754638671875
  }
}