{
  "model_family": "xgboost_regressor",
  "rows_train": 29200,
  "rows_test": 7300,
  "targets": {
    "next_disruption_score": {
      "mae": 0.03690430520902486,
      "median_ae": 0.03024007208347322,
      "rmse": 0.04745569666684589,
      "mean_prediction": 0.21318954229354858
    },
    "next_max_aqi": {
      "mae": 40.90705517494515,
      "median_ae": 25.126461029052734,
      "rmse": 62.647028051651525,
      "mean_prediction": 152.85067749023438
    },
    "next_max_rain_mm": {
      "mae": 2.7500785714926783,
      "median_ae": 2.289731574058533,
      "rmse": 3.4465482802144503,
      "mean_prediction": 6.270577907562256
    },
    "next_max_heat_risk": {
      "mae": 0.07803954778333147,
      "median_ae": 0.057388894379138945,
      "rmse": 0.11090727036537026,
      "mean_prediction": 0.23983003199100494
    }
  }
}